Reference,Qty,Value,DNP,Exclude from BOM,Exclude from Board,Footprint,Datasheet,LCSC Part
"R29,R39",2,0R,,,,easyeda2kicad:R0402,https://lcsc.com/product-detail/Chip-Resistor-Surface-Mount_0R-0R0-1_C106231.html,C106231
R34,1,2.2R,,,,easyeda2kicad:R0402,https://lcsc.com/product-detail/Chip-Resistor-Surface-Mount-UniOhm_2-2R-2R20-1_C25101.html,C25101
R35,1,4.7R,,,,easyeda2kicad:R0402,,C2909356
"R20,R21",2,22R,,,,easyeda2kicad:R0402,https://lcsc.com/product-detail/Chip-Resistor-Surface-Mount_22R-22R0-1_C114765.html,C114765
R13,1,2.49K,,,,easyeda2kicad:R0402,https://lcsc.com/product-detail/Chip-Resistor-Surface-Mount-UniOhm_2-49KR-2491-1_C25884.html,C25884
R11,1,4.12K,,,,easyeda2kicad:R0402,https://lcsc.com/product-detail/Others_YAGEO-RC0402FR-074K12L_C327340.html,C327340
"R7,R9",2,5.1K,,,,easyeda2kicad:R0402,https://lcsc.com/product-detail/Chip-Resistor-Surface-Mount_5-1KR-5101-1_C105872.html,C105872
"R2,R3,R10,R14,R15,R19,R22,R24,R26,R27,R36,R40",12,10K,,,,easyeda2kicad:R0402,https://lcsc.com/product-detail/Others_Huaxin-S-T-MR04X1002FTL_C327797.html,C327797
R17,1,15K,,,,easyeda2kicad:R0402,https://lcsc.com/product-detail/Chip-Resistor-Surface-Mount-UniOhm_15KR-1502-1_C25756.html,C25756
R12,1,17.33K,,,,easyeda2kicad:R0402,,C851231
R18,1,20K,,,,easyeda2kicad:R0402,https://lcsc.com/product-detail/Chip-Resistor-Surface-Mount_20KR-2002-1_C93942.html,C93942
R16,1,51K,,,,easyeda2kicad:R0402,https://lcsc.com/product-detail/Chip-Resistor-Surface-Mount_51KR-5102-1_C107229.html,C107229
R6,1,91K,,,,easyeda2kicad:R0402,https://lcsc.com/product-detail/Others_YAGEO-RC0402FR-0791KL_C327323.html,C327323
"R1,R5,R8,R23,R31,R33",6,100K,,,,easyeda2kicad:R0402,https://lcsc.com/product-detail/Chip-Resistor-Surface-Mount_100KR-1003-1_C60491.html,C60491
R4,1,475K,,,,easyeda2kicad:R0402,,C5713272
R32,1,1M,,,,easyeda2kicad:R0402,https://lcsc.com/product-detail/Chip-Resistor-Surface-Mount_1MR-1004-1_C138033.html,C138033
"C1,C6,C12,C14,C29,C46,C48,C49,C50,C52,C58,C60",12,0.1uF/25V,,,,easyeda2kicad:C0402,https://lcsc.com/product-detail/Multilayer-Ceramic-Capacitors-MLCC-SMD-SMT_SAMSUNG_CL05A104KA5NNNC_100nF-104-10-25V_C100072.html,C100072
C44,1,100uF/16V,,,,easyeda2kicad:C1210,https://lcsc.com/product-detail/New-Arrivals_Taiyo-Yuden-EMK325ABJ107MM-T_C394395.html,C394395
"C7,C10",2,10uF/10V,,,,easyeda2kicad:C0402,https://lcsc.com,C315248
"C3,C4,C11,C15,C53,C59",6,10uF/25V,,,,easyeda2kicad:C0603,https://lcsc.com/product-detail/Multilayer-Ceramic-Capacitors-MLCC-SMD-SMT_SAMSUNG_CL10A106MA8NRNC_10uF-106-20-25V_C96446.html,C96446
"C9,C19,C27,C30,C31,C32,C34,C35,C36,C37,C38,C39,C40,C41,C42,C43,C45,C55,C56,C57",20,1uF/50V,,,,easyeda2kicad:C0402,https://lcsc.com/product-detail/Multilayer-Ceramic-Capacitors-MLCC-SMD-SMT_SAMSUNG_CL05A105KO5NNNC_1uF-105-10-16V_C29266.html,C7500380
"C5,C8,C13,C17",4,22uF/25V,,,,easyeda2kicad:C0805,https://lcsc.com/product-detail/Multilayer-Ceramic-Capacitors-MLCC-SMD-SMT_Samsung-Electro-Mechanics-CL21A226MAYNNNE_C602037.html,C602037
L1,1,252012CDMCDDS-1R0MC,,,,easyeda2kicad:IND-SMD_L2.5-W2.0,https://lcsc.com/product-detail/New-Arrivals_Sumida-252012CDMCDDS-1R0MC_C492725.html,C492725
"C16,C20",2,4.7uF/25V,,,,easyeda2kicad:C0402,,C6119795
C2,1,47nF/25V,,,,easyeda2kicad:C0402,https://lcsc.com/product-detail/Others_Guangdong-Fenghua-Advanced-Tech-0402B473K250NT_C285062.html,C285062
C23,1,500pF/50V,,,,easyeda2kicad:C0603,https://lcsc.com/product-detail/Multilayer-Ceramic-Capacitors-MLCC-SMD-SMT_500pF-501-10-50V_C1624.html,C1624
"CN2,CN3",2,BM05B-SRSS-TB(LF)(SN),,,,easyeda2kicad:CONN-SMD-5P-P1.00_BM05B-SRSS-TB-LF-SN,https://lcsc.com/product-detail/Others_JST-Sales-America__JST-Sales-America-BM05B-SRSS-TB-LF-SN_C160391.html,C160391
U3,1,BQ25628RYKR,,,,easyeda2kicad:WQFN-18_L3.0-W2.5-P0.40-TL,,C6055599
U8,1,BQ27427YZFR,,,,easyeda2kicad:DSBGA-9_L1.6-W1.6-R3-C3-P0.50-TL,,C6075475
F1,1,BSMD1206-075-6V,,,,easyeda2kicad:F1206,https://lcsc.com/product-detail/PTC-Resettable-Fuses_BHFUSE-BSMD1206-075-6V_C883127.html,C883127
"D4,D5,D6,D7",4,"CUS10S30,H3F",,,,easyeda2kicad:SOD-323_L1.8-W1.3-LS2.5-RD,https://lcsc.com/product-detail/Schottky-Barrier-Diodes-SBD_TOSHIBA_CUS10S30-H3F_CUS10S30-H3F_C146335.html,C146335
U15,1,DPS368XTSA1,,,,easyeda2kicad:LGA-8_L2.5-W2.0-P0.65-TR_DPS368,,C3232508
U4,1,ESP32-C5-MINI-1,,,,Esparessif:ESP32-C5-MINI-1,https://documentation.espressif.com/esp32-c5-mini-1_datasheet_en.pdf,
FPC1,1,FPC 0.5-24P LTH2.0,,,,easyeda2kicad:FPC-SMD_FPC-0.5-24P-LTH2.0,,C6081230
ANT1,1,GPS1003,,,,easyeda2kicad:ANT-SMD_L10.0-W3.0,https://lcsc.com/product-detail/Others_Rainsun-microwave-Tech-GPS1003_C239243.html,C239243
USB1,1,GT-USB-7010ASV,,,,easyeda2kicad:USB-C-SMD_G-SWITCH_GT-USB-7010ASV,,C2988369
NTC1,1,KNTC0805/10KF3950,,,,easyeda2kicad:R0805,,C2892549
U11,1,LIS2DH12TR,,,,easyeda2kicad:LGA-12_L2.0-W2.0-P0.50-BL,https://lcsc.com/product-detail/Motion-Sensors-Accelerometers_STMicroelectronics_LIS2DH12TR_STMicroelectronics-LIS2DH12TR_C110926.html,C110926
U6,1,LM66200DRLR,,,,easyeda2kicad:SOT-583-8_L2.1-W1.2-P0.50-LS1.6-BL,,C3235556
"D1,D2,D3",3,"PMEG3005EL,315",,,,easyeda2kicad:SOD-882_L1.0-W0.6-RD,https://lcsc.com/product-detail/Schottky-Barrier-Diodes-SBD_Nexperia_PMEG3005EL-315_Nexperia-PMEG3005EL-315_C282565.html,C282565
U9,1,SGP41-D-R4,,,,Senserion:XDCR_SGP41-D-R4,,
U13,1,SHT4x,,,,Sensor_Humidity:Sensirion_DFN-4_1.5x1.5mm_P0.8mm_SHT4x_NoCentralPad,https://sensirion.com/media/documents/33FD6951/624C4357/Datasheet_SHT4x.pdf,
Q4,1,SI1308EDL,,,,easyeda2kicad:SOT-323-3_L2.0-W1.3-P1.30-LS2.1-BR,,C7603347
Q1,1,SIA445EDJ-T1-GE3,,,,easyeda2kicad:SC-70-6L_L2.0-W2.0-P0.65-BL,https://lcsc.com/product-detail/MOSFET_VISHAY_SIA445EDJ-T1-GE3_SIA445EDJ-T1-GE3_C144959.html,C144959
CN1,1,SM02B-SRSS-TB (LF)(SN),,,,easyeda2kicad:CONN-SMD_2P-P1.00_SM02B-SRSS-TB-LF-SN,https://lcsc.com/product-detail/Others_JST-Sales-America__JST-Sales-America-SM02B-SRSS-TB-LF-SN_C160402.html,C160402
U12,1,SN74LVC1G06DBVR_C41431788,,,,easyeda2kicad:SOT-23-5_L2.9-W1.6-P0.95-LS2.8-BR,,C41431788
U14,1,STCC4,,,,0my_project:STCC4,https://sensirion.com/media/documents/6AED4B15/684A889C/CD_DS_STCC4_D1_3.pdf,
U16,1,TAU1113,,,,RF_GPS:TAU1113,https://docs.datagnss.com/rtk-board/files/T-5-2208-TAU1113%20Datasheet-V1.4.pdf,
U10,1,TMUX121NKGR_C22428404,,,,easyeda2kicad:UQFN-10_L1.8-W1.4-P0.40-BL,,C22428404
U5,1,TPL5010DDCR,,,,easyeda2kicad:SOT-23-6_L2.9-W1.6-P0.95-LS2.8-BR,https://lcsc.com/product-detail/Timer_Texas-Instruments-Texas-Instruments-TPL5010DDCR_C473912.html,C473912
U2,1,TPS63802DLAR,,,,easyeda2kicad:VSON-10_L3.0-W2.0-P0.50-TL,,C2845237
U7,1,TPS7A0228DQNR,,,,easyeda2kicad:X2SON-4_L1.0-W1.0-P0.65-TL-EP,,C5220175
"SW1,SW2",2,TS-1091C-A1B3-D2,,,,easyeda2kicad:KEY-SMD_3P-L5.5-W3.8-P3.00,,C2874581
U1,1,W25N512GVEIG,,,,easyeda2kicad:WSON-8_L8.0-W6.0-P1.27-TL-1,,C3024446
L2,1,XFL4015-471MEC,,,,easyeda2kicad:IND-SMD_L4.0-W4.0_XFL4020-102MEB,,C18221164
L3,1,XRTC201210S100MBCA,,,,easyeda2kicad:L0805,,C39846618
Q2,1,ZVN4106FTA_C508255,,,,easyeda2kicad:SOT-23-3_L2.9-W1.3-P1.90-LS2.4-BR,https://lcsc.com/product-detail/MOSFET_Diodes-Incorporated-ZVN4106FTA_C508255.html,C508255