"Reference","Qty","Value","DNP","Exclude from BOM","Exclude from Board","Footprint","Datasheet","LCSC Part"
"BT1","1","Battery_Cell","","","","AG-lib-oaf:AGGO-battery","",""
"C1,C3,C5,C7,C9,C10,C13,C15,C16,C24,C28,C39,C52,C56,C57,C59,C63,C70,C71,C72,C73,C74","22","0.1uF/25V","","","","Capacitor_SMD:C_0402_1005Metric","https://lcsc.com/product-detail/Multilayer-Ceramic-Capacitors-MLCC-SMD-SMT_SAMSUNG_CL05A104KA5NNNC_100nF-104-10-25V_C100072.html","C100072"
"C2","1","47nF/25V","","","","Capacitor_SMD:C_0402_1005Metric","https://lcsc.com/product-detail/Others_Guangdong-Fenghua-Advanced-Tech-0402B473K250NT_C285062.html","C285062"
"C4,C6,C11,C22,C60,C65","6","10uF/25V","","","","Capacitor_SMD:C_0603_1608Metric","https://lcsc.com/product-detail/Multilayer-Ceramic-Capacitors-MLCC-SMD-SMT_SAMSUNG_CL10A106MA8NRNC_10uF-106-20-25V_C96446.html","C96446"
"C8,C45,C48","3","4.7uF/25V","","","","Capacitor_SMD:C_0402_1005Metric","","C6119795"
"C12,C36,C37,C38","4","22uF/25V","","","","Capacitor_SMD:C_0805_2012Metric","https://lcsc.com/product-detail/Multilayer-Ceramic-Capacitors-MLCC-SMD-SMT_Samsung-Electro-Mechanics-CL21A226MAYNNNE_C602037.html","C602037"
"C17","1","0.1uF/10V","","","","Capacitor_SMD:C_0402_1005Metric","https://lcsc.com","C315248"
"C19,C26,C29,C30,C35,C40,C41,C42,C43,C44,C46,C47,C49,C50,C51,C53,C54,C55,C58,C64,C66,C67,C68","23","1uF/50V","","","","Capacitor_SMD:C_0402_1005Metric","https://lcsc.com/product-detail/Multilayer-Ceramic-Capacitors-MLCC-SMD-SMT_SAMSUNG_CL05A105KO5NNNC_1uF-105-10-16V_C29266.html","C7500380"
"C20","1","47uF/25V","","","","Capacitor_SMD:C_1206_3216Metric","https://lcsc.com/product-detail/Multilayer-Ceramic-Capacitors-MLCC-SMD-SMT_Murata-Electronics-GRM31CR61E476ME44L_C403725.html","C403725"
"C21","1","22uF/10V","","","","Capacitor_SMD:C_0402_1005Metric","https://lcsc.com","C315248"
"C27","1","0.47uF/25V","","","","Capacitor_SMD:C_0402_1005Metric","https://lcsc.com/product-detail/Multilayer-Ceramic-Capacitors-MLCC-SMD-SMT_SAMSUNG_CL05A105KO5NNNC_1uF-105-10-16V_C29266.html","C7500380"
"C33","1","500pF/50V","","","","Capacitor_SMD:C_0603_1608Metric","https://lcsc.com/product-detail/Multilayer-Ceramic-Capacitors-MLCC-SMD-SMT_500pF-501-10-50V_C1624.html","C1624"
"C69","1","0.1uF/16V","","","","Capacitor_SMD:C_0402_1005Metric","https://lcsc.com/product-detail/Multilayer-Ceramic-Capacitors-MLCC-SMD-SMT_SAMSUNG_CL05B104KO5NNNC_100nF-104-10-16V_C1525.html","C1525"
"CN3,CN4,CN5","3","SM05B-SRSS-TB (LF)(SN)","","","","easyeda2kicad-oaf:CONN-SMD_SM05B-SRSS-TB-LF-SN","https://lcsc.com/product-detail/Connectors_JST_SM05B-SRSS-TB-LF-SN_SM05B-SRSS-TB-LF-SN_C136657.html","C136657"
"D3,D4,D5","3","PMEG3005EL,315","","","","easyeda2kicad-oaf:SOD-882_L1.0-W0.6-RD","https://lcsc.com/product-detail/Schottky-Barrier-Diodes-SBD_Nexperia_PMEG3005EL-315_Nexperia-PMEG3005EL-315_C282565.html","C282565"
"F1","1","BSMD1206-075-6V","","","","easyeda2kicad-oaf:F1206","https://lcsc.com/product-detail/PTC-Resettable-Fuses_BHFUSE-BSMD1206-075-6V_C883127.html","C883127"
"FPC1","1","FPC 0.5-24P LTH2.0","","","","easyeda2kicad-oaf:FPC-SMD_FPC-0.5-24P-LTH2.0","","C6081230"
"L1","1","252012CDMCDDS-1R0MC","","","","easyeda2kicad-oaf:IND-SMD_L2.5-W2.0","https://lcsc.com/product-detail/New-Arrivals_Sumida-252012CDMCDDS-1R0MC_C492725.html","C492725"
"L2","1","XGL4020-471MEC","","","","easyeda2kicad-oaf:IND-SMD_L4.0-W4.0_XGL4020","","C5837785"
"L3","1","XRTC201210S100MBCA","","","","easyeda2kicad-oaf:L0805","","C39846618"
"LED1,LED2,LED3,LED4","4","TJ-S1608SW6TDSLCCYRGB-A5","","","","easyeda2kicad-oaf:LED-ARRAY-SMD_4P-L1.6-W0.8-BL-FD","","C5356078"
"NTC1","1","KNTC0805/10KF3950","","","","easyeda2kicad-oaf:R0805","","C2892549"
"NTC2","1","NCP15XH103F03RC","","","","easyeda2kicad-oaf:R0402","https://lcsc.com/product-detail/NTC-Thermistors_muRata_NCP15XH103F03RC_NTCThermistor-10kR-1_C77131.html","C77131"
"Q1","1","SIA445EDJ-T1-GE3","","","","easyeda2kicad-oaf:SC-70-6L_L2.0-W2.0-P0.65-BL","https://lcsc.com/product-detail/MOSFET_VISHAY_SIA445EDJ-T1-GE3_SIA445EDJ-T1-GE3_C144959.html","C144959"
"Q2","1","ZVN4106FTA_C508255","","","","easyeda2kicad-oaf:SOT-23-3_L2.9-W1.3-P1.90-LS2.4-BR","https://lcsc.com/product-detail/MOSFET_Diodes-Incorporated-ZVN4106FTA_C508255.html","C508255"
"Q3","1","CSD83325L","","","","easyeda2kicad-oaf:PICOSTAR-6_L2.2-W1.1-R2-C3-P0.65-BL","","C2860700"
"Q4","1","SS8050-G","","","","easyeda2kicad-oaf:SOT-23-3_L2.9-W1.3-P1.90-LS2.4-BR","https://lcsc.com/product-detail/Transistors-NPN-PNP_SS8050-L-120-200_C164886.html","C164886"
"Q5","1","SI1308EDL","","","","easyeda2kicad-oaf:SOT-323-3_L2.0-W1.3-P1.30-LS2.1-BR","","C7603347"
"R1,R2,R3,R4,R14,R29,R31,R33,R38,R39,R40,R44,R46,R59","14","100K","","","","Resistor_SMD:R_0402_1005Metric","https://lcsc.com/product-detail/Chip-Resistor-Surface-Mount_100KR-1003-1_C60491.html,https://lcsc.com/product-detail/Others_Huaxin-S-T-MR04X1002FTL_C327797.html","C327797,C60491"
"R5,R12","2","200R","","","","Resistor_SMD:R_0402_1005Metric","",""
"R6,R9","2","10R","","","","Resistor_SMD:R_0402_1005Metric","https://lcsc.com/product-detail/Chip-Resistor-Surface-Mount_1KR-1001-1_C106235.html","C106235"
"R7,R11,R49","3","5.1K","","","","Resistor_SMD:R_0402_1005Metric","https://lcsc.com/product-detail/Chip-Resistor-Surface-Mount_5-1KR-5101-1_C105872.html","C105872"
"R8","1","5mR 1%/1W","","","","Resistor_SMD:R_1206_3216Metric","",""
"R10,R26,R30,R36,R54,R55,R56,R57,R58","9","10K","","","","Resistor_SMD:R_0402_1005Metric","https://lcsc.com/product-detail/Others_Huaxin-S-T-MR04X1002FTL_C327797.html","C327797"
"R13","1","2K","","","","Resistor_SMD:R_0402_1005Metric","https://lcsc.com/product-detail/Chip-Resistor-Surface-Mount_1KR-1001-1_C106235.html","C106235"
"R15","1","15K","","","","Resistor_SMD:R_0402_1005Metric","https://lcsc.com/product-detail/Chip-Resistor-Surface-Mount-UniOhm_15KR-1502-1_C25756.html","C25756"
"R16","1","20K","","","","Resistor_SMD:R_0402_1005Metric","https://lcsc.com/product-detail/Chip-Resistor-Surface-Mount_20KR-2002-1_C93942.html","C93942"
"R17,R20,R23","3","1K","","","","Resistor_SMD:R_0402_1005Metric","https://lcsc.com/product-detail/Chip-Resistor-Surface-Mount_1KR-1001-1_C106235.html","C106235"
"R18","1","4.12K","","","","Resistor_SMD:R_0402_1005Metric","https://lcsc.com/product-detail/Others_YAGEO-RC0402FR-074K12L_C327340.html","C327340"
"R19","1","17.33K","","","","Resistor_SMD:R_0402_1005Metric","","C851231"
"R21","1","2.49K","","","","Resistor_SMD:R_0402_1005Metric","https://lcsc.com/product-detail/Chip-Resistor-Surface-Mount-UniOhm_2-49KR-2491-1_C25884.html","C25884"
"R22","1","475K","","","","Resistor_SMD:R_0402_1005Metric","","C5713272"
"R24","1","91K","","","","Resistor_SMD:R_0402_1005Metric","https://lcsc.com/product-detail/Others_YAGEO-RC0402FR-0791KL_C327323.html","C327323"
"R25","1","51K","","","","Resistor_SMD:R_0402_1005Metric","https://lcsc.com/product-detail/Chip-Resistor-Surface-Mount_51KR-5102-1_C107229.html","C107229"
"R27,R28,R50,R51,R52,R53","6","22R","","","","Resistor_SMD:R_0402_1005Metric","https://lcsc.com/product-detail/Chip-Resistor-Surface-Mount_22R-22R0-1_C114765.html","C114765"
"R32","1","50mR","","","","Resistor_SMD:R_0805_2012Metric","https://lcsc.com/product-detail/Chip-Resistor-Surface-Mount_0R-0R0-1_C106231.html","C106231"
"R35","1","470mR","","","","Resistor_SMD:R_0805_2012Metric","https://lcsc.com/product-detail/Chip-Resistor-Surface-Mount_0R-0R0-1_C106231.html","C106231"
"R41","1","4.7R","","","","Resistor_SMD:R_0402_1005Metric","","C2909356"
"R42","1","1M","","","","Resistor_SMD:R_0402_1005Metric","https://lcsc.com/product-detail/Chip-Resistor-Surface-Mount_1MR-1004-1_C138033.html","C138033"
"R43","1","2.2R","","","","Resistor_SMD:R_0402_1005Metric","https://lcsc.com/product-detail/Chip-Resistor-Surface-Mount-UniOhm_2-2R-2R20-1_C25101.html","C25101"
"R45,R47","2","0R","","","","Resistor_SMD:R_0402_1005Metric","https://lcsc.com/product-detail/Chip-Resistor-Surface-Mount_0R-0R0-1_C106231.html","C106231"
"SW1,SW2","2","TS-1091C-A1B3-D2","","","","easyeda2kicad-oaf:KEY-SMD_3P-L5.5-W3.8-P3.00","","C2874581"
"TF1","1","TF-CARD XG8P H1.5","","","","easyeda2kicad-oaf:TF-SMD_TF-CARD-XG8P-H1.5","","C7529392"
"U1","1","W25N512GVEIG","","","","easyeda2kicad-oaf:WSON-8_L8.0-W6.0-P1.27-TL-1","","C3024446"
"U3","1","BQ27742YZFR-G1","","","","easyeda2kicad-oaf:DSBGA-15_L2.6-W2.0-R5-C3-P0.50-BL","","C2842397"
"U4","1","ESP32-C5-MINI-1","","","","Esparessif-oaf:ESP32-C5-MINI-1","https://documentation.espressif.com/esp32-c5-mini-1_datasheet_en.pdf",""
"U5","1","BQ25628RYKR","","","","easyeda2kicad-oaf:WQFN-18_L3.0-W2.5-P0.40-TL","","C6055599"
"U6","1","HYG-8503A","","","","easyeda2kicad-oaf:BUZ-SMD_4P-L8.5-W8.5-P8.50-BR","","C7544813"
"U7","1","TPL5010DDCR","","","","easyeda2kicad-oaf:SOT-23-6_L2.9-W1.6-P0.95-LS2.8-BR","https://lcsc.com/product-detail/Timer_Texas-Instruments-Texas-Instruments-TPL5010DDCR_C473912.html","C473912"
"U8","1","TPS63802DLAR","","","","easyeda2kicad-oaf:VSON-10_L3.0-W2.0-P0.50-TL","","C2845237"
"U9","1","TPS7A0228DQNR","","","","easyeda2kicad-oaf:X2SON-4_L1.0-W1.0-P0.65-TL-EP","","C5220175"
"U13","1","SPL07-003","","","","easyeda2kicad-oaf:LGA-10_L2.0-W2.0-P0.50-BL","","C3253727"
"U14","1","LIS2DH12TR","","","","easyeda2kicad-oaf:LGA-12_L2.0-W2.0-P0.50-BL","https://lcsc.com/product-detail/Motion-Sensors-Accelerometers_STMicroelectronics_LIS2DH12TR_STMicroelectronics-LIS2DH12TR_C110926.html","C110926"
"U15","1","TMUX121NKGR_C22428404","","","","easyeda2kicad-oaf:UQFN-10_L1.8-W1.4-P0.40-BL","","C22428404"
"U17","1","TCA6408ARGT","","","","Package_DFN_QFN:VQFN-16-1EP_3x3mm_P0.5mm_EP1.45x1.45mm","https://www.ti.com/lit/gpn/tca6408a",""
"U18","1","TAU1113","","","","RF_GPS-oaf:TAU1113","https://docs.datagnss.com/rtk-board/files/T-5-2208-TAU1113%20Datasheet-V1.4.pdf",""
"U19","1","LM66200DRLR","","","","easyeda2kicad-oaf:SOT-583-8_L2.1-W1.2-P0.50-LS1.6-BL","","C3235556"
"U20","1","LP5036","","","","Package_DFN_QFN:VQFN-46-1EP_5x6mm_P0.4mm_EP2.8x3.8mm","http://www.ti.com/lit/ds/symlink/lp5036.pdf",""
"USB1","1","GT-USB-7010ASV","","","","easyeda2kicad-oaf:USB-C-SMD_G-SWITCH_GT-USB-7010ASV","","C2988369"
